Deck Name,Summary Bullets,Category
doordash-pitch-deck,"- The problem being solved is the inefficiency and long delivery times in the restaurant delivery industry.
- The solution offered is an integrated logistics and delivery platform that enables seamless delivery for restaurants.
- The startup has achieved 31% week-over-week growth, $1.5 million in annualized restaurant sales, and has integrated with a merchant logistics platform.
- The business model appears to be a platform-based model, potentially taking a commission on restaurant sales or delivery fees.",Logistics
FACEBOOK,"- The problem being solved is the lack of a social networking platform for college students, alumni, faculty, and staff to connect with each other based on their social networks, courses, and interests.
- The solution offered is thefacebook.com, an online directory that allows users to create profiles, connect with others, and browse their school's social network.
- The traction/milestone evidence is the rapid growth of the platform, with 70,000 total students, 65% daily unique users, and 3 million daily traffic in pageviews as of March 2004.
- The business model is based on online marketing services, including targeted advertisements on the platform, with rates varying based on scope, duration, and targeting.",Social Networking/Education
match_box,"- The problem being solved is the fear of rejection when approaching someone you're interested in, which hinders people from making connections.
- The solution offered is Match Box, a social app that allows users to like or pass on people around them, and get connected if there's a mutual interest, using signals such as hyper-location, mutual liking, social interests, and friends in common.
- The traction or milestone evidence is the successful connection between Matt and Brittany, as shown in the conversation screenshots, which demonstrates the app's effectiveness in facilitating connections.
- The business model is based on in-app purchases, including charging users to see new matches, send virtual gifts, and increase their visibility in the Like or Not list.",Social Networking/Dating App
Pitch-Example-Air-BnB-PDF,"- The problem being solved is the high cost and lack of cultural connection when booking travel online through hotels, and the lack of a platform for locals to host travelers.
- The solution offered is a web platform where users can rent out their space to host travelers, allowing for cost savings, cultural connection, and a new way for locals to monetize their space.
- The startup has market validation with 630,000 temporary housing listings on Craigslist and 17,000 on Couchsurfing, and has partnered with events and companies to increase adoption.
- The business model is based on a 10% commission on each transaction, with a projected revenue of $200M.",TravelTech
uber-pitch-deck,"- The problem being solved is the inefficiency and poor quality of traditional taxi services, with no GPS coordination, long wait times, and lack of respect for clients.
- The solution offered is UberCab, a fast and efficient on-demand car service that uses latest consumer web and mobile device technology to automate dispatch, optimize fleets, and incentivize drivers.
- The traction or milestone evidence is the progress made so far, including applying for an iPhone dev license, filing for a trademark, and acquiring 5 advisors and 15 clients.
- The business model is a members-only service that generates revenue through payment and utilization of the service, with a focus on providing a premium experience to respectable clientele.",Transportation/Tech
